# "id", "32-bit words", "Varint", "Varint [diff]", "Minimum number of bits [diff]", "Varnibble", "Varnibble [diff]", "Subsets (first match, varint)", "Subsets (first match, varnibble)", "Subsets (greedy, varint)", "Subsets (greedy, varnibble)", "best: Subsets (first match) or varint", "best: Subsets (greedy) or varint", "best: Subsets (first match) or varnibble", "best: Subsets (greedy) or varnibble"
1, 1640, 818, 441, 466, 937, 357, 441, 413, 594, 604, 441, 441, 357, 357
2, 708, 353, 204, 225, 395, 163, 192, 187, 247, 247, 192, 204, 163, 163
3, 33256, 16574, 8314, 6240, 19630, 4234, 2460, 2587, 2682, 2841, 2460, 2682, 2587, 2841
4, 1004, 501, 289, 287, 607, 244, 303, 280, 412, 409, 289, 289, 244, 244
5, 5300, 2645, 1330, 1329, 3174, 925, 1108, 1087, 1304, 1367, 1108, 1304, 925, 925
6, 588, 291, 185, 170, 346, 160, 203, 183, 284, 267, 185, 185, 160, 160
7, 572, 285, 174, 201, 352, 150, 189, 174, 249, 242, 174, 174, 150, 150
8, 1252, 621, 343, 395, 746, 286, 351, 331, 476, 477, 343, 343, 286, 286
9, 2656, 1324, 690, 668, 1572, 549, 693, 649, 886, 900, 690, 690, 549, 549
10, 252, 126, 91, 91, 153, 78, 97, 89, 138, 135, 91, 91, 78, 78
11, 10040, 5001, 2515, 2514, 5993, 1532, 1696, 1668, 1756, 1884, 1696, 1756, 1532, 1532
12, 360, 179, 113, 128, 217, 95, 115, 111, 171, 173, 113, 113, 95, 95
13, 7572, 3737, 1898, 1661, 4487, 1235, 1415, 1371, 1582, 1684, 1415, 1582, 1235, 1235
14, 956, 475, 275, 273, 575, 246, 302, 285, 423, 422, 275, 275, 246, 246
15, 136, 68, 53, 51, 83, 50, 57, 55, 67, 67, 53, 53, 50, 50
16, 3124, 1555, 795, 785, 1861, 633, 774, 746, 1079, 1118, 774, 795, 633, 633
17, 1876, 932, 503, 473, 1128, 389, 449, 422, 625, 619, 449, 503, 389, 389
18, 6584, 3267, 1651, 1445, 3862, 1120, 1377, 1324, 1542, 1644, 1377, 1542, 1120, 1120
19, 9048, 4512, 2265, 1984, 5280, 1432, 1607, 1553, 1716, 1832, 1607, 1716, 1432, 1432
20, 4084, 2034, 1026, 1025, 2416, 786, 993, 951, 1282, 1363, 993, 1026, 786, 786
21, 3860, 1925, 971, 849, 2297, 739, 902, 863, 1184, 1240, 902, 971, 739, 739
22, 2512, 1251, 645, 632, 1497, 532, 657, 634, 898, 937, 645, 645, 532, 532
23, 2272, 1131, 585, 572, 1347, 501, 606, 590, 919, 945, 585, 585, 501, 501
24, 1892, 944, 498, 477, 1128, 419, 499, 472, 719, 727, 498, 498, 419, 419
25, 1984, 988, 518, 500, 1184, 438, 532, 516, 796, 805, 518, 518, 438, 438
26, 1264, 630, 345, 320, 749, 322, 393, 372, 602, 590, 345, 345, 322, 322
27, 1908, 952, 502, 481, 1124, 432, 523, 508, 786, 802, 502, 502, 432, 432
28, 1072, 534, 302, 272, 630, 284, 347, 326, 532, 522, 302, 302, 284, 284
29, 2656, 1327, 681, 751, 1608, 538, 667, 626, 877, 897, 667, 681, 538, 538
30, 276, 138, 88, 99, 167, 77, 91, 91, 141, 144, 88, 88, 77, 77
31, 1436, 717, 399, 363, 829, 322, 398, 369, 503, 491, 398, 399, 322, 322
32, 5092, 2539, 1287, 1118, 2933, 866, 1049, 1012, 1184, 1240, 1049, 1184, 866, 866
33, 252, 126, 86, 83, 147, 80, 97, 89, 116, 110, 86, 86, 80, 80
34, 228, 114, 82, 75, 140, 75, 89, 81, 126, 123, 82, 82, 75, 75
35, 276, 137, 99, 90, 158, 91, 107, 102, 154, 149, 99, 99, 91, 91
36, 7484, 3726, 1873, 1642, 4451, 1215, 1337, 1294, 1508, 1583, 1337, 1508, 1215, 1215
37, 2736, 1360, 698, 688, 1612, 571, 692, 672, 971, 999, 692, 698, 571, 571
38, 9688, 4833, 2422, 1821, 5605, 1475, 1514, 1480, 1673, 1776, 1514, 1673, 1475, 1475
39, 3408, 1694, 863, 856, 2019, 664, 801, 766, 1065, 1106, 801, 863, 664, 664
40, 2440, 1213, 627, 691, 1422, 508, 594, 573, 851, 870, 594, 627, 508, 508
41, 4456, 2218, 1124, 1118, 2620, 795, 892, 860, 1137, 1181, 892, 1124, 795, 795
42, 2476, 1234, 647, 623, 1421, 489, 578, 548, 784, 789, 578, 647, 489, 489
43, 1940, 962, 510, 550, 1158, 422, 513, 492, 747, 764, 510, 510, 422, 422
44, 7464, 3717, 1869, 1637, 4400, 1213, 1371, 1334, 1520, 1602, 1371, 1520, 1213, 1213
45, 528, 263, 165, 169, 320, 144, 182, 164, 235, 222, 165, 165, 144, 144
46, 972, 483, 282, 278, 578, 243, 312, 279, 473, 458, 282, 282, 243, 243
47, 3724, 1854, 952, 935, 2233, 684, 780, 751, 1022, 1056, 780, 952, 684, 684
48, 6084, 3036, 1529, 1335, 3582, 1016, 1054, 1031, 1298, 1367, 1054, 1298, 1016, 1016
49, 4556, 2263, 1146, 1143, 2710, 814, 890, 860, 1166, 1225, 890, 1146, 814, 814
50, 2344, 1163, 609, 664, 1362, 489, 616, 570, 819, 832, 609, 609, 489, 489
51, 5936, 2955, 1493, 1303, 3526, 985, 1084, 1055, 1294, 1368, 1084, 1294, 985, 985
52, 176, 87, 64, 65, 106, 54, 68, 58, 89, 84, 64, 64, 54, 54
53, 3584, 1779, 907, 900, 2123, 679, 790, 758, 1061, 1099, 790, 907, 679, 679
54, 17980, 8877, 4496, 3938, 10427, 2479, 1940, 1955, 2056, 2191, 1940, 2056, 1955, 2191
55, 12872, 6397, 3219, 2820, 7562, 1876, 1860, 1846, 1944, 2071, 1860, 1944, 1846, 1876
56, 3832, 1908, 970, 962, 2178, 695, 796, 759, 1060, 1089, 796, 970, 695, 695
57, 1040, 514, 294, 297, 617, 262, 328, 306, 475, 463, 294, 294, 262, 262
58, 4580, 2278, 1153, 1149, 2731, 812, 871, 844, 1108, 1155, 871, 1108, 812, 812
59, 500, 246, 163, 160, 288, 137, 173, 157, 230, 219, 163, 163, 137, 137
60, 2480, 1240, 652, 779, 1461, 438, 455, 429, 593, 593, 455, 593, 429, 438
61, 92, 45, 41, 36, 52, 38, 42, 41, 48, 47, 41, 41, 38, 38
62, 636, 317, 200, 183, 382, 167, 208, 196, 260, 254, 200, 200, 167, 167
63, 1256, 621, 347, 358, 731, 312, 379, 356, 574, 570, 347, 347, 312, 312
64, 88, 44, 34, 32, 55, 32, 37, 34, 42, 40, 34, 34, 32, 32
65, 108, 53, 42, 41, 63, 41, 49, 44, 57, 52, 42, 42, 41, 41
66, 3624, 1803, 918, 910, 2163, 720, 907, 861, 1143, 1197, 907, 918, 720, 720
67, 244, 122, 74, 95, 151, 55, 71, 64, 92, 90, 71, 74, 55, 55
68, 7392, 3678, 1854, 1622, 4338, 1190, 1276, 1243, 1457, 1539, 1276, 1457, 1190, 1190
69, 5424, 2701, 1364, 1191, 3209, 934, 1038, 1008, 1306, 1380, 1038, 1306, 934, 934
70, 6308, 3141, 1580, 1384, 3753, 1065, 1276, 1236, 1483, 1568, 1276, 1483, 1065, 1065
71, 5248, 2612, 1318, 1153, 3124, 930, 1089, 1054, 1375, 1446, 1089, 1318, 930, 930
72, 4928, 2454, 1244, 1236, 2954, 856, 1008, 969, 1222, 1282, 1008, 1222, 856, 856
73, 4000, 1995, 1015, 1004, 2414, 736, 834, 794, 1062, 1099, 834, 1015, 736, 736
74, 1380, 685, 376, 349, 805, 340, 421, 395, 617, 612, 376, 376, 340, 340
75, 1824, 907, 482, 517, 1080, 413, 516, 487, 748, 754, 482, 482, 413, 413
76, 9828, 4896, 2457, 1847, 5842, 1504, 1608, 1576, 1757, 1876, 1608, 1757, 1504, 1504
77, 420, 206, 136, 135, 253, 120, 150, 140, 208, 206, 136, 136, 120, 120
78, 856, 426, 254, 245, 520, 213, 279, 249, 359, 349, 254, 254, 213, 213
79, 4448, 2211, 1129, 1116, 2568, 774, 869, 835, 1079, 1109, 869, 1079, 774, 774
80, 4920, 2447, 1241, 1081, 2970, 865, 918, 886, 1175, 1216, 918, 1175, 865, 865
81, 2880, 1430, 739, 724, 1742, 563, 635, 612, 860, 880, 635, 739, 563, 563
82, 3376, 1682, 856, 848, 2018, 655, 804, 775, 1068, 1100, 804, 856, 655, 655
83, 5608, 2787, 1405, 1231, 3313, 979, 1149, 1101, 1375, 1450, 1149, 1375, 979, 979
84, 148, 74, 56, 55, 91, 52, 61, 59, 73, 71, 56, 56, 52, 52
85, 5260, 2618, 1320, 1155, 3129, 928, 1127, 1080, 1305, 1378, 1127, 1305, 928, 928
86, 8888, 4418, 2223, 1949, 5267, 1395, 1599, 1556, 1784, 1906, 1599, 1784, 1395, 1395
87, 6972, 3472, 1746, 1747, 4145, 1130, 1237, 1206, 1479, 1562, 1237, 1479, 1130, 1130
88, 9104, 4537, 2277, 2280, 5475, 1414, 1643, 1598, 1685, 1799, 1643, 1685, 1414, 1414
89, 2936, 1460, 746, 738, 1755, 611, 762, 726, 1055, 1103, 746, 746, 611, 611
90, 3088, 1535, 793, 776, 1847, 591, 713, 688, 923, 954, 713, 793, 591, 591
91, 464, 231, 146, 149, 279, 129, 163, 149, 215, 206, 146, 146, 129, 129
92, 332, 164, 115, 108, 201, 101, 129, 113, 176, 167, 115, 115, 101, 101
93, 352, 174, 119, 125, 193, 110, 130, 126, 166, 164, 119, 119, 110, 110
94, 1188, 592, 333, 338, 705, 280, 345, 327, 475, 469, 333, 333, 280, 280
95, 2080, 1036, 545, 524, 1241, 441, 523, 493, 735, 737, 523, 545, 441, 441
96, 1492, 742, 401, 424, 857, 341, 418, 397, 573, 575, 401, 401, 341, 341
97, 232, 116, 88, 77, 140, 79, 95, 87, 124, 117, 88, 88, 79, 79
98, 112, 56, 47, 43, 68, 41, 49, 48, 65, 64, 47, 47, 41, 41
99, 12640, 6222, 3164, 2770, 7302, 1818, 1542, 1549, 1693, 1791, 1542, 1693, 1549, 1791
100, 684, 342, 214, 197, 406, 190, 236, 210, 349, 337, 214, 214, 190, 190
101, 24, 12, 11, 12, 15, 11, 11, 11, 14, 14, 11, 11, 11, 11
102, 1888, 944, 499, 535, 1146, 401, 482, 452, 692, 691, 482, 499, 401, 401
103, 40, 20, 15, 18, 25, 15, 16, 18, 22, 24, 15, 15, 15, 15
104, 52, 26, 24, 22, 31, 23, 24, 25, 27, 28, 24, 24, 23, 23
105, 56, 28, 23, 25, 35, 23, 24, 26, 26, 28, 23, 23, 23, 23
106, 36, 18, 17, 16, 22, 15, 17, 18, 20, 22, 17, 17, 15, 15
107, 9268, 4620, 2320, 2321, 5547, 1407, 1457, 1443, 1614, 1712, 1457, 1614, 1407, 1407
108, 148, 74, 61, 55, 87, 55, 67, 62, 78, 74, 61, 61, 55, 55
109, 68, 34, 26, 29, 43, 24, 26, 25, 33, 33, 26, 26, 24, 24
110, 1004, 502, 285, 287, 603, 249, 312, 288, 438, 438, 285, 285, 249, 249
111, 36, 18, 17, 17, 22, 17, 17, 18, 20, 21, 17, 17, 17, 17
112, 44, 22, 19, 19, 27, 18, 19, 21, 22, 24, 19, 19, 18, 18
113, 24, 12, 10, 12, 15, 11, 11, 11, 11, 11, 10, 10, 11, 11
114, 24, 12, 12, 13, 15, 13, 12, 14, 12, 14, 12, 12, 13, 13
115, 36, 17, 15, 17, 21, 15, 15, 15, 18, 19, 15, 15, 15, 15
116, 108, 54, 47, 41, 62, 43, 49, 48, 51, 51, 47, 47, 43, 43
117, 28, 14, 13, 14, 18, 13, 13, 14, 16, 17, 13, 13, 13, 13
118, 20, 10, 10, 11, 13, 10, 11, 11, 11, 11, 10, 10, 10, 10
119, 116, 58, 48, 44, 69, 42, 50, 46, 56, 54, 48, 48, 42, 42
120, 10384, 5095, 2607, 2600, 5954, 1500, 1233, 1235, 1350, 1415, 1233, 1350, 1235, 1415
121, 48, 24, 17, 22, 30, 16, 17, 17, 16, 17, 17, 16, 16, 16
122, 168, 79, 63, 62, 98, 56, 67, 62, 81, 78, 63, 63, 56, 56
123, 10576, 5279, 2647, 2318, 6013, 1571, 1462, 1468, 1692, 1787, 1462, 1692, 1468, 1571
124, 132, 65, 52, 49, 79, 48, 56, 53, 72, 69, 52, 52, 48, 48
125, 24, 12, 11, 13, 14, 11, 11, 12, 14, 16, 11, 11, 11, 11
126, 24, 12, 11, 12, 15, 11, 11, 12, 14, 15, 11, 11, 11, 11
127, 20, 10, 7, 10, 13, 9, 10, 9, 13, 12, 7, 7, 9, 9
128, 96, 47, 30, 40, 44, 27, 31, 32, 37, 38, 30, 30, 27, 27
129, 284, 142, 82, 102, 174, 65, 77, 76, 81, 86, 77, 81, 65, 65
130, 1140, 566, 315, 360, 687, 247, 309, 285, 404, 409, 309, 315, 247, 247
131, 224, 112, 79, 74, 135, 72, 86, 82, 121, 118, 79, 79, 72, 72
132, 148, 74, 53, 55, 91, 52, 62, 58, 78, 74, 53, 53, 52, 52
133, 644, 322, 205, 185, 385, 170, 212, 197, 305, 297, 205, 205, 170, 170
134, 4428, 2211, 1115, 1111, 2630, 817, 1027, 980, 1270, 1332, 1027, 1115, 817, 817
135, 144, 72, 55, 54, 89, 51, 58, 57, 78, 79, 55, 55, 51, 51
136, 148, 73, 54, 55, 88, 51, 59, 58, 85, 86, 54, 54, 51, 51
137, 152, 76, 51, 56, 84, 45, 53, 50, 76, 76, 51, 51, 45, 45
138, 100, 50, 39, 38, 62, 40, 46, 45, 52, 51, 39, 39, 40, 40
139, 332, 166, 111, 108, 201, 96, 119, 113, 170, 165, 111, 111, 96, 96
140, 60, 30, 24, 25, 38, 21, 25, 23, 29, 28, 24, 24, 21, 21
141, 11892, 5845, 2975, 2606, 7054, 1767, 1685, 1651, 1821, 1942, 1685, 1821, 1651, 1767
142, 320, 159, 115, 104, 191, 102, 130, 117, 168, 161, 115, 115, 102, 102
143, 5536, 2762, 1394, 1388, 3359, 934, 949, 916, 1177, 1230, 949, 1177, 916, 934
144, 200, 100, 70, 67, 117, 63, 74, 70, 104, 104, 70, 70, 63, 63
145, 624, 309, 196, 180, 371, 180, 224, 203, 294, 284, 196, 196, 180, 180
146, 288, 144, 102, 94, 172, 87, 107, 101, 143, 137, 102, 102, 87, 87
147, 556, 278, 176, 161, 339, 149, 189, 173, 258, 255, 176, 176, 149, 149
148, 3112, 1545, 795, 782, 1854, 594, 652, 636, 924, 943, 652, 795, 594, 594
149, 6872, 3436, 1732, 1722, 4051, 1063, 1040, 1023, 1202, 1267, 1040, 1202, 1023, 1063
150, 132, 66, 49, 49, 79, 43, 51, 48, 67, 67, 49, 49, 43, 43
151, 68, 34, 29, 27, 42, 28, 31, 30, 34, 34, 29, 29, 28, 28
152, 80, 40, 28, 34, 50, 26, 29, 30, 43, 44, 28, 28, 26, 26
153, 264, 132, 93, 87, 162, 89, 108, 99, 130, 124, 93, 93, 89, 89
154, 2528, 1259, 659, 715, 1510, 481, 600, 557, 712, 724, 600, 659, 481, 481
155, 2776, 1383, 714, 785, 1679, 550, 680, 634, 887, 902, 680, 714, 550, 550
156, 56, 27, 23, 23, 33, 23, 26, 26, 29, 29, 23, 23, 23, 23
157, 852, 424, 248, 244, 514, 231, 285, 260, 406, 396, 248, 248, 231, 231
158, 204, 102, 73, 68, 124, 74, 87, 77, 114, 106, 73, 73, 74, 74
159, 284, 142, 96, 102, 173, 81, 98, 94, 149, 149, 96, 96, 81, 81
160, 2524, 1258, 650, 714, 1498, 495, 624, 578, 766, 778, 624, 650, 495, 495
161, 24, 11, 11, 13, 14, 12, 11, 14, 11, 14, 11, 11, 12, 12
162, 20, 10, 6, 7, 13, 6, 7, 6, 8, 8, 6, 6, 6, 6
163, 388, 193, 126, 125, 231, 120, 148, 137, 187, 177, 126, 126, 120, 120
164, 908, 453, 261, 260, 547, 219, 269, 249, 410, 408, 261, 261, 219, 219
165, 108, 53, 47, 41, 65, 44, 50, 47, 59, 56, 47, 47, 44, 44
166, 584, 290, 170, 205, 352, 152, 178, 174, 240, 246, 170, 170, 152, 152
167, 1224, 611, 338, 349, 730, 296, 374, 349, 527, 522, 338, 338, 296, 296
168, 280, 139, 103, 92, 168, 94, 113, 105, 140, 133, 103, 103, 94, 94
169, 1364, 679, 371, 388, 800, 313, 384, 358, 533, 524, 371, 371, 313, 313
170, 304, 152, 94, 109, 187, 81, 96, 92, 111, 112, 94, 94, 81, 81
171, 1560, 779, 417, 394, 940, 370, 458, 427, 686, 690, 417, 417, 370, 370
172, 1100, 549, 309, 314, 654, 289, 355, 328, 524, 517, 309, 309, 289, 289
173, 668, 333, 207, 213, 397, 193, 242, 215, 333, 316, 207, 207, 193, 193
174, 532, 266, 177, 154, 308, 158, 194, 182, 272, 261, 177, 177, 158, 158
175, 424, 211, 144, 137, 258, 124, 158, 143, 207, 196, 144, 144, 124, 124
176, 204, 102, 82, 68, 122, 73, 87, 81, 117, 114, 82, 82, 73, 73
177, 304, 151, 111, 99, 182, 98, 123, 109, 161, 152, 111, 111, 98, 98
178, 112, 56, 50, 39, 67, 46, 53, 49, 59, 55, 50, 50, 46, 46
179, 180, 90, 74, 60, 109, 66, 77, 75, 93, 90, 74, 74, 66, 66
180, 60, 30, 27, 25, 36, 26, 28, 28, 31, 31, 27, 27, 26, 26
181, 476, 238, 147, 153, 291, 116, 149, 136, 180, 179, 147, 147, 116, 116
182, 112, 56, 47, 39, 70, 42, 48, 47, 60, 60, 47, 47, 42, 42
183, 128, 64, 54, 48, 78, 47, 58, 52, 69, 64, 54, 54, 47, 47
184, 3260, 1621, 834, 819, 1942, 631, 806, 757, 1003, 1035, 806, 834, 631, 631
185, 32, 16, 14, 16, 18, 13, 14, 15, 20, 21, 14, 14, 13, 13
186, 92, 46, 34, 36, 57, 31, 35, 34, 43, 45, 34, 34, 31, 31
187, 2216, 1105, 586, 558, 1275, 460, 581, 531, 754, 762, 581, 586, 460, 460
188, 1584, 788, 430, 400, 919, 359, 454, 423, 637, 629, 430, 430, 359, 359
189, 7340, 3655, 1852, 1839, 4327, 1138, 1099, 1067, 1285, 1344, 1099, 1285, 1067, 1138
190, 1480, 736, 401, 421, 860, 350, 440, 405, 670, 671, 401, 401, 350, 350
191, 1512, 753, 411, 430, 886, 348, 439, 405, 654, 659, 411, 411, 348, 348
192, 1728, 862, 466, 490, 997, 379, 479, 444, 660, 671, 466, 466, 379, 379
193, 816, 408, 242, 234, 470, 215, 268, 246, 386, 378, 242, 242, 215, 215
194, 956, 475, 276, 273, 545, 239, 302, 279, 443, 439, 276, 276, 239, 239
195, 2064, 1028, 542, 585, 1198, 451, 566, 523, 764, 770, 542, 542, 451, 451
196, 200, 100, 79, 67, 115, 69, 82, 78, 97, 93, 79, 79, 69, 69
197, 952, 473, 280, 272, 549, 234, 301, 274, 448, 447, 280, 280, 234, 234
198, 1172, 585, 329, 334, 662, 280, 352, 329, 491, 485, 329, 329, 280, 280
199, 2040, 1017, 544, 514, 1183, 424, 533, 498, 717, 729, 533, 544, 424, 424
200, 1492, 743, 404, 424, 874, 350, 445, 404, 607, 604, 404, 404, 350, 350
201, 812, 404, 244, 233, 466, 211, 266, 246, 371, 361, 244, 244, 211, 211
202, 2904, 1445, 751, 821, 1686, 554, 694, 662, 873, 895, 694, 751, 554, 554
203, 280, 140, 91, 100, 161, 82, 98, 92, 129, 128, 91, 91, 82, 82
204, 1456, 726, 400, 368, 849, 337, 421, 387, 610, 610, 400, 400, 337, 337
205, 3076, 1535, 792, 773, 1781, 596, 770, 709, 940, 971, 770, 792, 596, 596
206, 1440, 717, 393, 409, 830, 327, 418, 386, 580, 579, 393, 393, 327, 327
207, 1840, 916, 491, 464, 1066, 412, 513, 484, 721, 739, 491, 491, 412, 412
208, 800, 400, 235, 229, 453, 211, 261, 246, 391, 387, 235, 235, 211, 211
209, 748, 373, 228, 215, 428, 198, 256, 231, 353, 338, 228, 228, 198, 198
210, 332, 165, 113, 108, 194, 103, 129, 115, 166, 158, 113, 113, 103, 103
211, 140, 69, 53, 52, 83, 50, 58, 54, 78, 75, 53, 53, 50, 50
212, 60, 30, 25, 25, 34, 25, 26, 27, 35, 36, 25, 25, 25, 25
213, 208, 102, 81, 69, 124, 73, 88, 80, 115, 109, 81, 81, 73, 73
214, 1004, 498, 283, 287, 600, 257, 321, 298, 496, 490, 283, 283, 257, 257
215, 28, 14, 14, 14, 17, 15, 14, 16, 14, 16, 14, 14, 15, 15
216, 24, 12, 10, 12, 15, 9, 11, 11, 13, 13, 10, 10, 9, 9
217, 412, 206, 138, 133, 245, 120, 151, 136, 191, 179, 138, 138, 120, 120
218, 16820, 8363, 4206, 3684, 9982, 2339, 2204, 2216, 2167, 2322, 2204, 2167, 2216, 2322
219, 2968, 1479, 762, 746, 1722, 584, 722, 676, 932, 956, 722, 762, 584, 584
220, 8580, 4278, 2155, 2149, 4866, 1315, 1348, 1317, 1495, 1583, 1348, 1495, 1315, 1315
221, 5468, 2731, 1388, 1371, 3069, 889, 946, 911, 1149, 1192, 946, 1149, 889, 889
222, 3540, 1764, 903, 889, 2078, 650, 778, 746, 956, 987, 778, 903, 650, 650
223, 4888, 2440, 1241, 1226, 2844, 811, 825, 795, 1035, 1069, 825, 1035, 795, 811
224, 3424, 1709, 878, 967, 1883, 596, 668, 629, 832, 852, 668, 832, 596, 596
225, 2296, 1148, 604, 650, 1275, 444, 537, 512, 684, 696, 537, 604, 444, 444
226, 32172, 15978, 8043, 6037, 18646, 4142, 2368, 2475, 2539, 2700, 2368, 2539, 2475, 2700
227, 424, 212, 140, 137, 253, 121, 156, 139, 193, 184, 140, 140, 121, 121
228, 1652, 823, 449, 469, 943, 350, 443, 403, 557, 552, 443, 449, 350, 350
229, 32908, 16345, 8228, 7203, 18920, 4229, 2154, 2263, 2429, 2569, 2154, 2429, 2263, 2569
230, 7792, 3883, 1952, 1952, 4505, 1246, 1377, 1341, 1575, 1661, 1377, 1575, 1246, 1246
231, 3068, 1527, 789, 867, 1790, 586, 703, 670, 911, 941, 703, 789, 586, 586
232, 15428, 7704, 3858, 3379, 8827, 2181, 2057, 2068, 2104, 2242, 2057, 2104, 2068, 2181
233, 6632, 3300, 1669, 1455, 3795, 1044, 1128, 1097, 1301, 1354, 1128, 1301, 1044, 1044
234, 256, 128, 87, 84, 152, 80, 98, 93, 128, 127, 87, 87, 80, 80
235, 6496, 3235, 1629, 1628, 3759, 1088, 1280, 1240, 1485, 1574, 1280, 1485, 1088, 1088
236, 8368, 4174, 2098, 1835, 4767, 1287, 1336, 1322, 1543, 1634, 1336, 1543, 1287, 1287
237, 3272, 1633, 833, 822, 1880, 611, 743, 701, 900, 928, 743, 833, 611, 611
238, 32516, 16194, 8131, 7117, 19071, 4155, 2366, 2493, 2587, 2735, 2366, 2587, 2493, 2735
239, 1712, 855, 463, 486, 967, 363, 463, 429, 604, 608, 463, 463, 363, 363
240, 1380, 687, 376, 435, 772, 315, 391, 367, 519, 521, 376, 376, 315, 315
241, 892, 446, 263, 255, 516, 219, 271, 255, 362, 352, 263, 263, 219, 219
242, 10560, 5250, 2640, 1985, 6301, 1598, 1754, 1722, 1791, 1902, 1754, 1791, 1598, 1598
243, 220, 110, 82, 80, 131, 68, 81, 80, 108, 109, 81, 82, 68, 68
244, 20, 10, 8, 11, 13, 10, 10, 10, 10, 10, 8, 8, 10, 10
245, 24, 12, 9, 13, 15, 9, 9, 11, 9, 11, 9, 9, 9, 9
246, 84, 42, 27, 33, 53, 23, 28, 26, 30, 30, 27, 27, 23, 23
247, 26556, 13170, 6639, 4984, 15606, 3464, 2421, 2509, 2527, 2690, 2421, 2527, 2509, 2690
248, 28, 14, 12, 14, 15, 12, 12, 13, 18, 19, 12, 12, 12, 12
249, 964, 480, 274, 275, 571, 220, 252, 237, 354, 340, 252, 274, 220, 220
250, 160, 79, 59, 59, 95, 57, 66, 63, 90, 86, 59, 59, 57, 57
251, 40, 20, 15, 18, 23, 15, 15, 17, 18, 20, 15, 15, 15, 15
252, 348, 172, 100, 134, 180, 89, 109, 100, 146, 142, 100, 100, 89, 89
253, 88, 44, 29, 37, 54, 25, 29, 28, 35, 38, 29, 29, 25, 25
254, 292, 142, 84, 104, 161, 67, 76, 73, 101, 102, 76, 84, 67, 67
255, 1528, 754, 405, 434, 830, 297, 334, 329, 448, 460, 334, 405, 297, 297
256, 1352, 669, 364, 427, 751, 275, 315, 306, 395, 398, 315, 364, 275, 275
257, 776, 385, 226, 247, 436, 187, 233, 216, 294, 288, 226, 226, 187, 187
258, 620, 308, 187, 198, 345, 153, 185, 173, 245, 243, 185, 187, 153, 153
259, 668, 332, 197, 213, 367, 152, 182, 167, 220, 216, 182, 197, 152, 152
260, 216, 106, 83, 72, 124, 79, 93, 86, 114, 108, 83, 83, 79, 79
261, 252, 126, 82, 91, 143, 75, 91, 86, 121, 120, 82, 82, 75, 75
262, 180, 88, 67, 66, 101, 61, 71, 67, 93, 92, 67, 67, 61, 61
263, 464, 230, 134, 164, 254, 111, 131, 123, 166, 164, 131, 134, 111, 111
264, 132, 65, 50, 49, 74, 46, 52, 52, 58, 60, 50, 50, 46, 46
265, 28, 14, 12, 14, 16, 11, 12, 13, 14, 15, 12, 12, 11, 11
266, 3420, 1703, 873, 859, 2032, 637, 714, 702, 938, 976, 714, 873, 637, 637
267, 28, 14, 12, 14, 17, 12, 12, 13, 15, 16, 12, 12, 12, 12
268, 196, 98, 60, 77, 103, 52, 64, 61, 74, 74, 60, 60, 52, 52
269, 136, 68, 41, 55, 71, 32, 35, 34, 48, 50, 35, 41, 32, 32
270, 32, 16, 13, 17, 18, 13, 14, 14, 17, 17, 13, 13, 13, 13
271, 40, 20, 16, 20, 21, 16, 17, 17, 23, 24, 16, 16, 16, 16
272, 40, 20, 14, 19, 25, 15, 17, 17, 22, 22, 14, 14, 15, 15
273, 88, 41, 30, 37, 47, 28, 32, 32, 42, 43, 30, 30, 28, 28
274, 56, 28, 22, 25, 31, 23, 25, 25, 30, 30, 22, 22, 23, 23
275, 28, 14, 12, 14, 16, 12, 12, 13, 18, 19, 12, 12, 12, 12
276, 3208, 1598, 819, 806, 1814, 638, 778, 756, 1054, 1093, 778, 819, 638, 638
277, 116, 58, 41, 44, 62, 38, 45, 44, 62, 62, 41, 41, 38, 38
278, 32, 16, 15, 15, 19, 14, 15, 17, 15, 17, 15, 15, 14, 14
279, 20844, 10391, 5213, 4564, 12329, 2793, 2252, 2296, 2283, 2431, 2252, 2283, 2296, 2431
280, 8720, 4345, 2183, 1912, 5117, 1384, 1634, 1589, 1718, 1838, 1634, 1718, 1384, 1384
281, 28, 14, 12, 15, 15, 13, 14, 14, 17, 17, 12, 12, 13, 13
282, 196, 98, 66, 71, 110, 62, 71, 69, 101, 100, 66, 66, 62, 62
283, 116, 58, 39, 47, 62, 36, 42, 41, 58, 59, 39, 39, 36, 36
284, 56, 28, 20, 23, 30, 18, 22, 19, 22, 21, 20, 20, 18, 18
285, 152, 73, 46, 61, 77, 35, 40, 40, 53, 55, 40, 46, 35, 35
286, 60, 30, 24, 26, 33, 23, 24, 26, 34, 35, 24, 24, 23, 23
287, 136, 63, 51, 51, 71, 45, 53, 51, 64, 65, 51, 51, 45, 45
288, 7792, 3878, 1952, 1709, 4611, 1273, 1444, 1400, 1601, 1701, 1444, 1601, 1273, 1273
289, 28, 14, 13, 13, 18, 13, 13, 13, 16, 16, 13, 13, 13, 13
290, 36, 18, 15, 16, 19, 15, 15, 16, 22, 22, 15, 15, 15, 15
291, 668, 334, 206, 213, 399, 179, 228, 204, 311, 299, 206, 206, 179, 179
292, 168, 84, 56, 62, 90, 43, 49, 49, 57, 59, 49, 56, 43, 43
293, 144, 72, 49, 58, 76, 39, 46, 44, 50, 50, 46, 49, 39, 39
294, 6408, 3190, 1606, 1406, 3752, 1088, 1321, 1270, 1517, 1614, 1321, 1517, 1088, 1088
295, 320, 158, 114, 104, 189, 105, 129, 118, 161, 153, 114, 114, 105, 105
296, 4556, 2277, 1147, 1001, 2670, 835, 1046, 999, 1265, 1323, 1046, 1147, 835, 835
297, 100, 50, 40, 35, 62, 36, 41, 41, 52, 52, 40, 40, 36, 36
298, 41760, 20769, 10440, 7835, 24359, 5272, 2414, 2567, 2708, 2877, 2414, 2708, 2567, 2877
299, 28, 14, 14, 14, 17, 15, 14, 15, 14, 15, 14, 14, 15, 15
300, 80, 40, 35, 32, 47, 31, 35, 38, 41, 44, 35, 35, 31, 31
301, 168, 83, 65, 62, 101, 58, 68, 65, 84, 82, 65, 65, 58, 58
302, 33032, 16453, 8258, 6198, 19434, 4222, 2419, 2551, 2617, 2775, 2419, 2617, 2551, 2775
303, 24, 12, 9, 12, 15, 9, 9, 11, 12, 14, 9, 9, 9, 9
304, 116, 58, 43, 44, 72, 41, 47, 48, 63, 63, 43, 43, 41, 41
305, 600, 300, 160, 229, 347, 94, 70, 69, 87, 86, 70, 87, 69, 86
306, 88, 44, 29, 34, 55, 26, 31, 30, 37, 37, 29, 29, 26, 26
307, 20, 10, 10, 10, 13, 11, 11, 11, 11, 11, 10, 10, 11, 11
308, 84, 42, 36, 33, 50, 32, 37, 37, 46, 47, 36, 36, 32, 32
309, 940, 467, 275, 269, 563, 245, 300, 287, 442, 440, 275, 275, 245, 245
310, 20, 10, 9, 11, 12, 10, 9, 11, 9, 11, 9, 9, 10, 10
311, 72, 36, 22, 29, 45, 21, 23, 25, 35, 35, 22, 22, 21, 21
312, 552, 276, 148, 194, 345, 111, 140, 130, 175, 182, 140, 148, 111, 111
313, 572, 286, 161, 201, 356, 126, 143, 138, 194, 194, 143, 161, 126, 126
314, 412, 206, 122, 146, 256, 100, 116, 113, 149, 148, 116, 122, 100, 100
315, 412, 206, 123, 146, 256, 89, 97, 97, 116, 117, 97, 116, 89, 89
316, 284, 142, 91, 102, 176, 72, 89, 86, 98, 98, 89, 91, 72, 72
317, 116, 58, 37, 44, 73, 33, 37, 38, 45, 48, 37, 37, 33, 33
318, 132, 66, 41, 49, 83, 35, 40, 42, 49, 51, 40, 41, 35, 35
319, 168, 84, 51, 62, 105, 39, 47, 46, 51, 53, 47, 51, 39, 39
320, 112, 56, 35, 43, 70, 29, 33, 33, 39, 41, 33, 35, 29, 29
321, 52, 26, 23, 22, 33, 22, 24, 25, 30, 31, 23, 23, 22, 22
322, 208, 103, 77, 76, 126, 74, 91, 82, 109, 102, 77, 77, 74, 74
323, 300, 148, 106, 107, 179, 97, 121, 109, 161, 151, 106, 106, 97, 97
324, 20, 10, 9, 9, 13, 8, 10, 9, 13, 12, 9, 9, 8, 8
325, 24, 12, 10, 10, 15, 9, 12, 11, 15, 14, 10, 10, 9, 9
326, 6112, 3047, 1539, 1532, 3628, 1010, 1198, 1163, 1326, 1400, 1198, 1326, 1010, 1010
327, 532, 266, 142, 203, 332, 85, 67, 67, 83, 82, 67, 83, 67, 82
328, 40, 20, 13, 20, 25, 11, 12, 12, 14, 12, 12, 13, 11, 11
329, 4316, 2155, 1089, 1083, 2509, 782, 956, 921, 1182, 1236, 956, 1089, 782, 782
330, 20, 10, 10, 11, 13, 10, 10, 11, 10, 11, 10, 10, 10, 10
331, 32, 16, 11, 15, 20, 12, 11, 14, 17, 20, 11, 11, 12, 12
332, 24, 12, 8, 10, 15, 8, 10, 9, 12, 11, 8, 8, 8, 8
333, 64, 32, 27, 28, 39, 27, 28, 29, 37, 38, 27, 27, 27, 27
334, 44, 22, 15, 19, 28, 14, 16, 15, 23, 23, 15, 15, 14, 14
335, 6784, 3389, 1704, 1700, 4058, 1083, 1091, 1064, 1304, 1370, 1091, 1304, 1064, 1083
336, 24, 12, 10, 13, 15, 10, 10, 11, 10, 11, 10, 10, 10, 10
337, 68, 34, 22, 27, 43, 19, 20, 21, 25, 26, 20, 22, 19, 19
338, 84, 42, 28, 33, 53, 23, 25, 26, 30, 31, 25, 28, 23, 23
339, 46468, 23138, 11617, 8717, 27160, 5825, 2407, 2587, 2864, 3026, 2407, 2864, 2587, 3026
340, 140, 70, 42, 52, 88, 33, 36, 37, 44, 47, 36, 42, 33, 33
341, 5184, 2586, 1303, 1139, 3063, 923, 1083, 1042, 1328, 1400, 1083, 1303, 923, 923
342, 76, 38, 24, 32, 47, 18, 20, 20, 21, 23, 20, 21, 18, 18
343, 60, 30, 21, 26, 38, 21, 23, 23, 30, 30, 21, 21, 21, 21
344, 52, 26, 17, 22, 33, 15, 18, 17, 21, 22, 17, 17, 15, 15
345, 5964, 2970, 1496, 1309, 3468, 1018, 1184, 1161, 1421, 1505, 1184, 1421, 1018, 1018
346, 84, 42, 27, 33, 53, 23, 25, 25, 25, 26, 25, 25, 23, 23
347, 192, 96, 55, 70, 120, 41, 48, 48, 56, 58, 48, 55, 41, 41
348, 156, 78, 48, 58, 98, 39, 46, 46, 54, 57, 46, 48, 39, 39
349, 52, 26, 16, 23, 33, 14, 13, 14, 15, 17, 13, 15, 14, 14
350, 56, 28, 18, 25, 35, 17, 19, 18, 24, 26, 18, 18, 17, 17
351, 40, 20, 16, 18, 25, 17, 17, 18, 23, 24, 16, 16, 17, 17
352, 20, 10, 7, 10, 13, 7, 9, 7, 15, 14, 7, 7, 7, 7
353, 24, 12, 7, 8, 15, 7, 8, 7, 8, 8, 7, 7, 7, 7
354, 28, 14, 13, 14, 18, 14, 14, 15, 14, 15, 13, 13, 14, 14
355, 24, 12, 9, 10, 15, 9, 10, 10, 13, 13, 9, 9, 9, 9
356, 11252, 5602, 2813, 2114, 6642, 1691, 1908, 1877, 1919, 2052, 1908, 1919, 1691, 1691
357, 372, 186, 125, 120, 224, 97, 129, 116, 173, 170, 125, 125, 97, 97
358, 636, 318, 168, 242, 384, 125, 162, 155, 202, 209, 162, 168, 125, 125
359, 40, 19, 19, 19, 24, 19, 20, 20, 20, 20, 19, 19, 19, 19
360, 92, 46, 40, 36, 53, 38, 43, 41, 49, 48, 40, 40, 38, 38
361, 116, 58, 47, 40, 71, 43, 48, 47, 61, 61, 47, 47, 43, 43
362, 40, 20, 14, 18, 25, 14, 17, 16, 19, 19, 14, 14, 14, 14
363, 4340, 2161, 1092, 1089, 2571, 806, 1017, 973, 1244, 1299, 1017, 1092, 806, 806
364, 1524, 756, 404, 433, 905, 362, 445, 417, 622, 631, 404, 404, 362, 362
365, 1108, 553, 312, 316, 662, 280, 342, 315, 478, 474, 312, 312, 280, 280
366, 632, 313, 196, 202, 373, 173, 212, 199, 310, 303, 196, 196, 173, 173
367, 412, 203, 134, 146, 246, 125, 151, 143, 228, 220, 134, 134, 125, 125
368, 144, 71, 55, 54, 83, 54, 64, 60, 73, 70, 55, 55, 54, 54
369, 112, 56, 48, 43, 67, 43, 52, 49, 58, 55, 48, 48, 43, 43
370, 64, 32, 28, 26, 39, 25, 28, 28, 37, 38, 28, 28, 25, 25
371, 108, 53, 44, 41, 63, 42, 49, 47, 61, 60, 44, 44, 42, 42
372, 36, 18, 18, 16, 21, 18, 18, 19, 18, 19, 18, 18, 18, 18
373, 112, 56, 50, 39, 66, 45, 52, 48, 56, 53, 50, 50, 45, 45
374, 20, 10, 10, 11, 12, 10, 10, 11, 10, 11, 10, 10, 10, 10
375, 108, 53, 40, 44, 65, 35, 41, 39, 49, 48, 40, 40, 35, 35
376, 40, 20, 17, 19, 25, 16, 17, 18, 20, 21, 17, 17, 16, 16
377, 24, 12, 12, 12, 14, 12, 12, 13, 12, 13, 12, 12, 12, 12
378, 40, 20, 14, 18, 25, 15, 15, 16, 18, 18, 14, 14, 15, 15
379, 24, 12, 9, 12, 12, 9, 9, 10, 12, 13, 9, 9, 9, 9
380, 32, 16, 12, 16, 16, 12, 13, 14, 16, 17, 12, 12, 12, 12
381, 28, 13, 13, 14, 17, 14, 14, 16, 14, 16, 13, 13, 14, 14
382, 3516, 1752, 898, 883, 2122, 652, 729, 699, 948, 975, 729, 898, 652, 652
383, 156, 78, 56, 58, 96, 51, 60, 57, 79, 77, 56, 56, 51, 51
384, 24, 12, 10, 11, 15, 10, 12, 11, 15, 14, 10, 10, 10, 10
385, 448, 224, 120, 172, 276, 93, 114, 109, 136, 142, 114, 120, 93, 93
386, 96, 48, 30, 28, 60, 25, 31, 31, 43, 42, 30, 30, 25, 25
387, 500, 250, 150, 160, 300, 132, 159, 148, 230, 232, 150, 150, 132, 132
388, 4536, 2262, 1155, 1280, 2671, 761, 929, 888, 1011, 1048, 929, 1011, 761, 761
389, 468, 234, 121, 165, 293, 86, 105, 98, 117, 124, 105, 117, 86, 86
390, 316, 158, 92, 113, 193, 74, 91, 88, 118, 119, 91, 92, 74, 74
391, 620, 310, 159, 198, 388, 103, 97, 99, 127, 130, 97, 127, 99, 103
392, 72, 36, 25, 31, 45, 26, 27, 28, 38, 40, 25, 25, 26, 26
393, 340, 170, 108, 110, 206, 93, 116, 108, 163, 160, 108, 108, 93, 93
394, 2404, 1197, 632, 680, 1439, 471, 595, 539, 725, 730, 595, 632, 471, 471
395, 6284, 3132, 1574, 1379, 3697, 1068, 1318, 1278, 1494, 1582, 1318, 1494, 1068, 1068
396, 452, 226, 120, 159, 280, 78, 74, 77, 88, 93, 74, 88, 77, 78
397, 13224, 6590, 3306, 2484, 7751, 1900, 1862, 1859, 1921, 2059, 1862, 1921, 1859, 1900
398, 30996, 15419, 7750, 6785, 18307, 3954, 2367, 2484, 2546, 2702, 2367, 2546, 2484, 2702
399, 10172, 5070, 2543, 1912, 5979, 1571, 1798, 1763, 1889, 2017, 1798, 1889, 1571, 1571
400, 120, 60, 31, 27, 75, 27, 31, 32, 43, 44, 31, 31, 27, 27
401, 936, 467, 271, 268, 559, 230, 285, 264, 409, 402, 271, 271, 230, 230
402, 116, 58, 36, 44, 73, 32, 36, 39, 55, 58, 36, 36, 32, 32
403, 4348, 2167, 1092, 956, 2554, 819, 971, 941, 1267, 1341, 971, 1092, 819, 819
404, 44, 22, 15, 18, 28, 15, 17, 15, 22, 22, 15, 15, 15, 15
405, 56, 28, 25, 23, 35, 25, 27, 27, 30, 30, 25, 25, 25, 25
406, 44, 22, 22, 19, 28, 21, 22, 23, 22, 23, 22, 22, 21, 21
407, 836, 416, 241, 239, 496, 212, 260, 252, 369, 373, 241, 241, 212, 212
408, 16948, 8447, 4238, 3712, 10047, 2332, 2185, 2205, 2197, 2342, 2185, 2197, 2205, 2332
409, 10640, 5305, 2663, 2664, 6326, 1581, 1680, 1666, 1803, 1930, 1680, 1803, 1581, 1581
410, 528, 263, 169, 169, 317, 153, 191, 174, 254, 243, 169, 169, 153, 153
411, 36, 18, 14, 16, 23, 12, 14, 14, 14, 16, 14, 14, 12, 12
412, 5988, 2985, 1502, 1688, 3512, 1001, 1230, 1184, 1345, 1419, 1230, 1345, 1001, 1001
413, 104, 52, 28, 40, 65, 21, 25, 25, 33, 36, 25, 28, 21, 21
414, 20, 10, 9, 10, 13, 10, 9, 10, 9, 10, 9, 9, 10, 10
415, 12648, 6225, 3164, 2771, 7287, 1834, 1604, 1621, 1765, 1876, 1604, 1765, 1621, 1834
416, 20, 10, 9, 11, 12, 9, 9, 10, 12, 13, 9, 9, 9, 9
417, 10392, 5098, 2608, 2602, 5963, 1507, 1236, 1233, 1400, 1474, 1236, 1400, 1233, 1474
418, 36, 18, 13, 16, 20, 13, 14, 14, 19, 20, 13, 13, 13, 13
419, 28, 14, 10, 14, 18, 11, 11, 12, 14, 15, 10, 10, 11, 11
420, 40, 20, 16, 18, 25, 15, 16, 16, 21, 22, 16, 16, 15, 15
421, 120, 60, 33, 42, 75, 24, 29, 28, 35, 38, 29, 33, 24, 24
422, 20, 10, 6, 7, 13, 5, 7, 7, 9, 9, 6, 6, 5, 5
423, 700, 349, 214, 223, 427, 184, 227, 210, 319, 314, 214, 214, 184, 184
424, 1388, 694, 376, 395, 812, 306, 386, 357, 537, 544, 376, 376, 306, 306
425, 1312, 656, 363, 373, 787, 300, 379, 346, 495, 492, 363, 363, 300, 300
426, 2844, 1419, 736, 715, 1662, 554, 710, 667, 883, 915, 710, 736, 554, 554
427, 2200, 1098, 571, 623, 1284, 461, 575, 540, 759, 771, 571, 571, 461, 461
428, 1608, 801, 430, 457, 949, 338, 409, 384, 547, 545, 409, 430, 338, 338
429, 1160, 578, 331, 331, 683, 273, 354, 322, 500, 495, 331, 331, 273, 273
430, 852, 425, 242, 244, 476, 211, 264, 250, 346, 350, 242, 242, 211, 211
431, 756, 374, 223, 240, 447, 190, 239, 224, 332, 329, 223, 223, 190, 190
432, 7048, 3420, 1767, 1546, 4055, 1147, 1252, 1211, 1426, 1507, 1252, 1426, 1147, 1147
433, 80, 40, 33, 34, 48, 29, 33, 32, 38, 37, 33, 33, 29, 29
434, 568, 282, 183, 164, 341, 155, 194, 180, 285, 275, 183, 183, 155, 155
435, 5464, 2633, 1373, 1370, 3050, 941, 1010, 974, 1257, 1330, 1010, 1257, 941, 941
436, 2408, 1203, 634, 606, 1413, 470, 598, 563, 739, 758, 598, 634, 470, 470
437, 924, 462, 269, 264, 553, 227, 290, 260, 406, 398, 269, 269, 227, 227
438, 27136, 13465, 6785, 5941, 15620, 3548, 2136, 2219, 2301, 2452, 2136, 2301, 2219, 2452
439, 3784, 1888, 964, 1069, 2209, 668, 831, 780, 966, 998, 831, 964, 668, 668
440, 112, 56, 41, 46, 63, 35, 44, 40, 58, 56, 41, 41, 35, 35
441, 25216, 12511, 6306, 5521, 14435, 3317, 1932, 2000, 2136, 2271, 1932, 2136, 2000, 2271
442, 3808, 1897, 980, 956, 2208, 678, 852, 796, 970, 1009, 852, 970, 678, 678
443, 2032, 1010, 538, 512, 1199, 432, 554, 501, 700, 698, 538, 538, 432, 432
444, 948, 473, 271, 300, 530, 228, 288, 267, 382, 380, 271, 271, 228, 228
445, 1136, 566, 314, 324, 675, 252, 322, 296, 433, 432, 314, 314, 252, 252
446, 344, 172, 114, 112, 203, 102, 124, 117, 173, 168, 114, 114, 102, 102
447, 248, 123, 85, 97, 152, 72, 90, 84, 120, 113, 85, 85, 72, 72
448, 44, 22, 15, 20, 27, 15, 15, 16, 17, 19, 15, 15, 15, 15
449, 116, 58, 44, 44, 68, 41, 45, 45, 65, 66, 44, 44, 41, 41
450, 516, 258, 165, 165, 314, 155, 194, 173, 272, 258, 165, 165, 155, 155
451, 48, 24, 19, 21, 30, 17, 19, 18, 22, 23, 19, 19, 17, 17
452, 44, 22, 21, 19, 28, 20, 22, 23, 22, 23, 21, 21, 20, 20
453, 72, 36, 31, 29, 45, 29, 35, 31, 38, 34, 31, 31, 29, 29
454, 276, 137, 98, 90, 163, 85, 100, 95, 122, 120, 98, 98, 85, 85
455, 156, 78, 59, 62, 97, 55, 65, 61, 81, 78, 59, 59, 55, 55
456, 136, 67, 62, 51, 82, 53, 64, 59, 73, 68, 62, 62, 53, 53
457, 48, 24, 23, 21, 30, 22, 24, 25, 24, 25, 23, 23, 22, 22
458, 276, 138, 102, 90, 169, 90, 112, 101, 138, 130, 102, 102, 90, 90
459, 152, 76, 63, 52, 95, 56, 66, 63, 85, 82, 63, 63, 56, 56
460, 92, 46, 42, 36, 55, 38, 44, 43, 50, 49, 42, 42, 38, 38
461, 64, 32, 23, 24, 40, 24, 26, 25, 32, 31, 23, 23, 24, 24
462, 348, 174, 118, 102, 209, 109, 134, 124, 181, 173, 118, 118, 109, 109
463, 216, 108, 79, 78, 128, 71, 90, 82, 113, 107, 79, 79, 71, 71
464, 56, 28, 25, 23, 35, 24, 26, 26, 32, 33, 25, 25, 24, 24
465, 52, 26, 24, 23, 32, 23, 25, 25, 28, 28, 24, 24, 23, 23
466, 28, 14, 14, 14, 17, 14, 14, 15, 14, 15, 14, 14, 14, 14
467, 20, 10, 10, 11, 12, 11, 10, 11, 10, 11, 10, 10, 11, 11
468, 24, 12, 11, 12, 15, 11, 13, 13, 13, 13, 11, 11, 11, 11
469, 24, 12, 12, 12, 15, 11, 13, 12, 13, 12, 12, 12, 11, 11
470, 28, 14, 13, 14, 18, 12, 14, 13, 17, 16, 13, 13, 12, 12
471, 108, 54, 44, 41, 66, 41, 49, 45, 61, 58, 44, 44, 41, 41
472, 124, 62, 47, 47, 76, 43, 51, 50, 59, 58, 47, 47, 43, 43
473, 140, 70, 58, 48, 87, 53, 63, 59, 71, 68, 58, 58, 53, 53
474, 24, 12, 12, 12, 15, 12, 12, 13, 12, 13, 12, 12, 12, 12
475, 112, 56, 44, 43, 68, 41, 48, 46, 62, 61, 44, 44, 41, 41
476, 36, 18, 16, 16, 22, 16, 17, 18, 20, 21, 16, 16, 16, 16
477, 56, 28, 27, 23, 34, 26, 28, 29, 28, 29, 27, 27, 26, 26
478, 188, 94, 74, 63, 113, 67, 80, 74, 101, 94, 74, 74, 67, 67
479, 68, 34, 32, 27, 42, 28, 32, 30, 35, 33, 32, 32, 28, 28
480, 196, 98, 75, 65, 118, 63, 71, 67, 81, 79, 71, 75, 63, 63
481, 180, 90, 71, 60, 109, 61, 74, 70, 90, 88, 71, 71, 61, 61
482, 92, 46, 39, 36, 56, 36, 40, 40, 51, 51, 39, 39, 36, 36
483, 84, 42, 38, 33, 51, 34, 39, 39, 45, 45, 38, 38, 34, 34
484, 84, 42, 38, 33, 50, 35, 39, 39, 42, 42, 38, 38, 35, 35
485, 60, 30, 27, 25, 37, 25, 27, 28, 29, 30, 27, 27, 25, 25
486, 104, 52, 41, 40, 63, 38, 43, 44, 47, 49, 41, 41, 38, 38
487, 84, 42, 35, 33, 51, 33, 38, 37, 45, 43, 35, 35, 33, 33
488, 104, 52, 43, 40, 63, 40, 46, 45, 50, 49, 43, 43, 40, 40
489, 96, 48, 44, 40, 60, 39, 45, 44, 52, 51, 44, 44, 39, 39
490, 31852, 15818, 7965, 7967, 18273, 4092, 2047, 2153, 2341, 2468, 2047, 2341, 2153, 2468
491, 72, 36, 30, 29, 45, 29, 32, 32, 42, 42, 30, 30, 29, 29
492, 6848, 3421, 1731, 1716, 3924, 1059, 1026, 999, 1220, 1264, 1026, 1220, 999, 1059
493, 92, 46, 43, 36, 54, 40, 45, 44, 45, 44, 43, 43, 40, 40
494, 132, 66, 57, 45, 79, 51, 60, 58, 68, 66, 57, 57, 51, 51
495, 80, 40, 34, 32, 47, 32, 37, 36, 42, 41, 34, 34, 32, 32
496, 44, 22, 22, 19, 27, 21, 22, 23, 22, 23, 22, 22, 21, 21
497, 48, 24, 23, 22, 30, 22, 23, 23, 26, 26, 23, 23, 22, 22
498, 40, 20, 20, 18, 23, 19, 20, 22, 20, 22, 20, 20, 19, 19
499, 56, 28, 26, 23, 34, 25, 26, 27, 32, 33, 26, 26, 25, 25
500, 116, 58, 50, 44, 66, 46, 52, 52, 61, 61, 50, 50, 46, 46
501, 64, 32, 28, 28, 40, 26, 28, 27, 28, 29, 28, 28, 26, 26
502, 976, 487, 280, 279, 593, 228, 283, 266, 391, 391, 280, 280, 228, 228
503, 40, 20, 18, 18, 25, 18, 19, 19, 19, 19, 18, 18, 18, 18
504, 44, 22, 20, 19, 28, 20, 20, 22, 26, 28, 20, 20, 20, 20
505, 25964, 12883, 6492, 5684, 14907, 3417, 1973, 2037, 2213, 2353, 1973, 2213, 2037, 2353
506, 224, 112, 89, 74, 133, 72, 90, 85, 123, 122, 89, 89, 72, 72
507, 624, 311, 193, 180, 372, 179, 221, 205, 317, 306, 193, 193, 179, 179
508, 360, 180, 123, 106, 213, 113, 141, 129, 194, 185, 123, 123, 113, 113
509, 33616, 16699, 8405, 7358, 19349, 4319, 2218, 2339, 2486, 2633, 2218, 2486, 2339, 2633
510, 268, 134, 98, 88, 161, 87, 106, 98, 147, 142, 98, 98, 87, 87
511, 164, 82, 63, 60, 98, 60, 72, 67, 85, 80, 63, 63, 60, 60
512, 172, 85, 69, 58, 103, 63, 75, 71, 96, 92, 69, 69, 63, 63
513, 408, 203, 136, 132, 244, 127, 156, 146, 212, 203, 136, 136, 127, 127
514, 36, 18, 14, 15, 23, 14, 15, 15, 21, 22, 14, 14, 14, 14
515, 116, 58, 47, 44, 70, 42, 48, 47, 62, 62, 47, 47, 42, 42
516, 244, 121, 92, 80, 146, 86, 108, 97, 128, 118, 92, 92, 86, 86
517, 380, 190, 128, 123, 222, 114, 146, 130, 187, 175, 128, 128, 114, 114
518, 408, 204, 137, 119, 243, 124, 152, 144, 203, 194, 137, 137, 124, 124
519, 176, 87, 67, 65, 103, 62, 73, 68, 99, 96, 67, 67, 62, 62
520, 332, 165, 118, 108, 197, 108, 131, 118, 175, 165, 118, 118, 108, 108
521, 28, 14, 14, 14, 17, 14, 14, 15, 14, 15, 14, 14, 14, 14
522, 468, 232, 156, 150, 273, 142, 175, 161, 245, 233, 156, 156, 142, 142
523, 904, 448, 264, 259, 532, 239, 292, 277, 426, 422, 264, 264, 239, 239
524, 264, 132, 100, 95, 153, 90, 109, 101, 135, 128, 100, 100, 90, 90
525, 132, 66, 55, 49, 76, 51, 60, 56, 65, 62, 55, 55, 51, 51
526, 156, 78, 62, 58, 89, 53, 65, 60, 84, 81, 62, 62, 53, 53
527, 172, 86, 69, 58, 103, 62, 73, 70, 90, 87, 69, 69, 62, 62
528, 104, 52, 40, 40, 65, 39, 46, 45, 54, 53, 40, 40, 39, 39
529, 36, 18, 16, 17, 22, 15, 17, 16, 17, 16, 16, 16, 15, 15
530, 80, 40, 38, 32, 49, 34, 38, 38, 41, 41, 38, 38, 34, 34
531, 20, 10, 9, 11, 13, 10, 9, 11, 9, 11, 9, 9, 10, 10
532, 144, 72, 59, 54, 86, 54, 61, 61, 73, 72, 59, 59, 54, 54
533, 572, 281, 174, 183, 341, 155, 193, 182, 262, 257, 174, 174, 155, 155
534, 1220, 608, 337, 347, 723, 284, 339, 323, 485, 475, 337, 337, 284, 284
535, 11592, 5770, 2903, 2902, 6858, 1673, 1581, 1581, 1671, 1780, 1581, 1671, 1581, 1673
536, 2472, 1235, 640, 700, 1498, 493, 556, 538, 773, 781, 556, 640, 493, 493
537, 56, 28, 25, 23, 35, 24, 27, 26, 30, 30, 25, 25, 24, 24
538, 508, 253, 168, 147, 302, 149, 188, 170, 225, 209, 168, 168, 149, 149
539, 2040, 1019, 541, 578, 1216, 421, 521, 479, 701, 704, 521, 541, 421, 421
540, 548, 271, 172, 175, 327, 160, 196, 180, 268, 257, 172, 172, 160, 160
541, 108, 54, 45, 44, 67, 41, 48, 44, 60, 57, 45, 45, 41, 41
542, 13328, 6637, 3335, 3336, 7948, 1926, 2028, 2024, 2011, 2149, 2028, 2011, 1926, 1926
543, 120, 60, 50, 45, 73, 43, 50, 47, 63, 63, 50, 50, 43, 43
544, 5396, 2690, 1354, 1353, 3224, 963, 1215, 1165, 1432, 1521, 1215, 1354, 963, 963
545, 340, 170, 108, 110, 210, 97, 117, 109, 152, 151, 108, 108, 97, 97
546, 944, 470, 267, 270, 562, 250, 309, 288, 467, 464, 267, 267, 250, 250
547, 148, 74, 59, 55, 87, 53, 63, 56, 67, 62, 59, 59, 53, 53
548, 92, 46, 41, 36, 52, 36, 42, 42, 46, 46, 41, 41, 36, 36
549, 6304, 3138, 1579, 1580, 3748, 1098, 1367, 1318, 1560, 1661, 1367, 1560, 1098, 1098
550, 7168, 3572, 1796, 1796, 4218, 1190, 1479, 1419, 1602, 1715, 1479, 1602, 1190, 1190
551, 2124, 1061, 544, 535, 1263, 474, 594, 566, 896, 908, 544, 544, 474, 474
552, 1968, 983, 510, 558, 1159, 446, 549, 528, 801, 813, 510, 510, 446, 446
553, 1128, 563, 313, 322, 668, 283, 350, 334, 533, 533, 313, 313, 283, 283
554, 780, 390, 227, 224, 469, 216, 271, 242, 384, 367, 227, 227, 216, 216
555, 1076, 537, 300, 307, 639, 274, 334, 314, 492, 490, 300, 300, 274, 274
556, 336, 168, 120, 109, 198, 109, 136, 121, 181, 170, 120, 120, 109, 109
557, 908, 454, 264, 260, 543, 239, 297, 279, 433, 423, 264, 264, 239, 239
558, 192, 96, 72, 64, 114, 67, 78, 72, 109, 105, 72, 72, 67, 67
559, 1192, 596, 332, 340, 717, 288, 367, 334, 487, 478, 332, 332, 288, 288
560, 96, 48, 42, 37, 58, 39, 46, 43, 52, 49, 42, 42, 39, 39
561, 200, 100, 76, 73, 118, 67, 81, 75, 110, 107, 76, 76, 67, 67
562, 104, 52, 48, 40, 60, 43, 49, 47, 52, 50, 48, 48, 43, 43
563, 68, 34, 29, 27, 42, 29, 31, 31, 37, 37, 29, 29, 29, 29
564, 68, 34, 23, 25, 37, 23, 25, 26, 37, 37, 23, 23, 23, 23
565, 1784, 889, 477, 450, 1055, 395, 497, 464, 683, 694, 477, 477, 395, 395
566, 880, 439, 257, 252, 526, 231, 288, 264, 412, 397, 257, 257, 231, 231
567, 27544, 13760, 6888, 6030, 16112, 3576, 2202, 2291, 2406, 2551, 2202, 2406, 2291, 2551
568, 1252, 624, 344, 356, 706, 312, 374, 351, 581, 576, 344, 344, 312, 312
569, 1156, 573, 327, 329, 686, 286, 361, 329, 511, 503, 327, 327, 286, 286
570, 1000, 497, 283, 286, 585, 251, 310, 292, 440, 433, 283, 283, 251, 251
571, 1012, 506, 291, 289, 588, 234, 273, 256, 377, 363, 273, 291, 234, 234
572, 960, 477, 270, 274, 562, 245, 303, 284, 453, 447, 270, 270, 245, 245
573, 4184, 2090, 1059, 1181, 2455, 756, 875, 843, 1088, 1133, 875, 1059, 756, 756
574, 128, 63, 52, 48, 70, 46, 54, 53, 65, 64, 52, 52, 46, 46
575, 612, 306, 191, 176, 367, 172, 214, 196, 277, 270, 191, 191, 172, 172
576, 1020, 506, 289, 291, 607, 265, 330, 303, 478, 470, 289, 289, 265, 265
577, 1852, 924, 486, 467, 1108, 417, 514, 487, 729, 744, 486, 486, 417, 417
578, 1276, 636, 349, 363, 753, 297, 371, 341, 512, 511, 349, 349, 297, 297
579, 652, 326, 204, 188, 378, 178, 217, 194, 282, 269, 204, 204, 178, 178
580, 4004, 1992, 1008, 880, 2338, 759, 922, 898, 1187, 1251, 922, 1008, 759, 759
581, 100, 50, 39, 38, 61, 35, 41, 40, 56, 55, 39, 39, 35, 35
582, 1420, 708, 384, 359, 817, 333, 406, 386, 606, 601, 384, 384, 333, 333
583, 2852, 1425, 727, 717, 1651, 582, 721, 681, 963, 994, 721, 727, 582, 582
584, 1796, 896, 477, 453, 1067, 403, 496, 467, 696, 699, 477, 477, 403, 403
585, 828, 413, 239, 237, 491, 225, 288, 258, 409, 388, 239, 239, 225, 225
586, 1052, 525, 298, 300, 629, 253, 296, 275, 413, 404, 296, 298, 253, 253
587, 724, 361, 219, 208, 418, 192, 238, 222, 352, 348, 219, 219, 192, 192
588, 472, 234, 148, 152, 270, 122, 156, 144, 190, 189, 148, 148, 122, 122
589, 56, 28, 23, 25, 34, 22, 25, 23, 30, 29, 23, 23, 22, 22
590, 132, 66, 47, 53, 82, 38, 45, 45, 54, 54, 45, 47, 38, 38
591, 24, 12, 10, 13, 15, 10, 10, 10, 12, 13, 10, 10, 10, 10
592, 104, 52, 45, 40, 62, 39, 45, 43, 56, 54, 45, 45, 39, 39
593, 3924, 1952, 989, 1108, 2349, 757, 964, 924, 1227, 1293, 964, 989, 757, 757
594, 16624, 8301, 4157, 3641, 9901, 2306, 1932, 1952, 2064, 2201, 1932, 2064, 1952, 2201
595, 5552, 2772, 1394, 1392, 3326, 969, 1184, 1163, 1383, 1469, 1184, 1383, 969, 969
596, 14168, 6982, 3543, 3104, 8164, 2018, 1897, 1885, 1965, 2104, 1897, 1965, 1885, 2018
597, 7940, 3965, 1990, 1741, 4780, 1251, 1328, 1307, 1546, 1626, 1328, 1546, 1251, 1251
598, 4524, 2190, 1147, 994, 2581, 793, 877, 858, 1117, 1172, 877, 1117, 793, 793
599, 5136, 2559, 1294, 1288, 3069, 896, 1118, 1084, 1322, 1390, 1118, 1294, 896, 896
600, 2832, 1414, 727, 712, 1671, 571, 702, 663, 943, 971, 702, 727, 571, 571
601, 2648, 1321, 687, 666, 1557, 520, 634, 594, 842, 854, 634, 687, 520, 520
602, 12984, 6473, 3248, 3250, 7693, 1858, 1834, 1826, 1921, 2038, 1834, 1921, 1826, 1858
603, 2044, 1021, 548, 579, 1253, 388, 415, 406, 554, 562, 415, 548, 388, 388
604, 1960, 977, 517, 556, 1182, 396, 491, 463, 633, 641, 491, 517, 396, 396
605, 5204, 2590, 1308, 1305, 3116, 913, 1135, 1085, 1315, 1379, 1135, 1308, 913, 913
606, 6676, 3326, 1672, 1673, 3937, 1116, 1343, 1302, 1507, 1596, 1343, 1507, 1116, 1116
607, 5984, 2979, 1499, 1500, 3560, 1033, 1264, 1216, 1461, 1551, 1264, 1461, 1033, 1033
608, 6016, 2997, 1510, 1508, 3535, 1046, 1258, 1215, 1479, 1576, 1258, 1479, 1046, 1046
609, 9236, 4600, 2313, 2313, 5489, 1428, 1600, 1560, 1718, 1833, 1600, 1718, 1428, 1428
610, 300, 150, 104, 98, 184, 92, 117, 105, 156, 148, 104, 104, 92, 92
611, 9652, 4807, 2415, 2417, 5701, 1470, 1596, 1582, 1707, 1820, 1596, 1707, 1470, 1470
612, 11740, 5847, 2939, 2939, 6953, 1719, 1825, 1795, 1872, 2004, 1825, 1872, 1719, 1719
613, 7012, 3493, 1757, 1757, 4178, 1156, 1383, 1334, 1534, 1637, 1383, 1534, 1156, 1156
614, 9880, 4916, 2474, 2474, 5928, 1493, 1615, 1583, 1705, 1816, 1615, 1705, 1493, 1493
615, 8424, 4193, 2109, 2110, 5032, 1335, 1527, 1497, 1644, 1756, 1527, 1644, 1335, 1335
616, 3788, 1887, 956, 951, 2265, 720, 830, 802, 1101, 1152, 830, 956, 720, 720
617, 2700, 1344, 687, 764, 1593, 559, 673, 653, 955, 988, 673, 687, 559, 559
618, 444, 222, 148, 129, 265, 134, 170, 156, 215, 204, 148, 148, 134, 134
619, 320, 158, 112, 104, 194, 101, 128, 113, 163, 153, 112, 112, 101, 101
620, 528, 263, 166, 169, 316, 151, 183, 169, 282, 277, 166, 166, 151, 151
621, 44, 22, 13, 17, 28, 11, 14, 14, 19, 19, 13, 13, 11, 11
622, 840, 417, 253, 241, 499, 233, 287, 266, 426, 410, 253, 253, 233, 233
623, 96, 48, 35, 37, 54, 35, 40, 41, 52, 53, 35, 35, 35, 35
624, 1488, 740, 405, 423, 884, 315, 337, 328, 498, 498, 337, 405, 315, 315
625, 16784, 8289, 4197, 3676, 9695, 2343, 2030, 2054, 2098, 2245, 2030, 2098, 2054, 2245
626, 84, 42, 34, 33, 48, 33, 37, 36, 42, 41, 34, 34, 33, 33
627, 80, 40, 33, 32, 49, 30, 35, 34, 46, 45, 33, 33, 30, 30
628, 44, 22, 13, 22, 27, 10, 14, 13, 16, 17, 13, 13, 10, 10
629, 680, 340, 208, 217, 401, 182, 226, 207, 329, 320, 208, 208, 182, 182
630, 3188, 1594, 831, 1000, 1981, 487, 430, 425, 509, 526, 430, 509, 425, 487
631, 3788, 1893, 957, 951, 2226, 730, 896, 846, 1163, 1208, 896, 957, 730, 730
632, 6388, 3188, 1600, 1402, 3838, 1063, 1087, 1078, 1361, 1429, 1087, 1361, 1063, 1063
633, 6356, 3174, 1594, 1593, 3660, 1050, 1208, 1184, 1374, 1453, 1208, 1374, 1050, 1050
634, 7336, 3659, 1839, 1609, 4215, 1188, 1384, 1356, 1510, 1595, 1384, 1510, 1188, 1188
635, 4276, 2135, 1084, 1073, 2564, 755, 823, 797, 1049, 1091, 823, 1049, 755, 755
636, 8100, 4030, 2029, 2029, 4808, 1276, 1407, 1376, 1532, 1618, 1407, 1532, 1276, 1276
637, 26168, 12972, 6542, 4911, 15217, 3426, 2281, 2353, 2453, 2606, 2281, 2453, 2353, 2606
638, 22248, 11088, 5562, 4176, 13075, 2944, 2472, 2553, 2461, 2623, 2472, 2461, 2553, 2623
639, 4360, 2171, 1096, 958, 2592, 816, 1013, 976, 1253, 1316, 1013, 1096, 816, 816
640, 7408, 3697, 1861, 1625, 4267, 1178, 1275, 1235, 1446, 1526, 1275, 1446, 1178, 1178
641, 42200, 20991, 10550, 7917, 24550, 5326, 2404, 2560, 2723, 2882, 2404, 2723, 2560, 2882
642, 47492, 23635, 11873, 8909, 27746, 5957, 2421, 2604, 2822, 2981, 2421, 2822, 2604, 2981
643, 40, 20, 17, 19, 24, 18, 19, 19, 19, 19, 17, 17, 18, 18
644, 88, 44, 28, 37, 55, 28, 30, 30, 46, 48, 28, 28, 28, 28
645, 20, 10, 9, 11, 13, 9, 9, 11, 9, 11, 9, 9, 9, 9
646, 2080, 1034, 543, 589, 1259, 453, 550, 535, 766, 788, 543, 543, 453, 453
647, 11740, 5839, 2938, 2939, 7022, 1717, 1911, 1901, 1868, 1995, 1911, 1868, 1717, 1717
648, 3508, 1751, 894, 991, 2089, 658, 770, 731, 998, 1027, 770, 894, 658, 658
649, 40, 20, 13, 19, 25, 11, 11, 13, 10, 12, 11, 10, 11, 11
650, 2040, 1017, 530, 578, 1215, 458, 568, 519, 796, 807, 530, 530, 458, 458
651, 120, 60, 48, 42, 70, 43, 49, 48, 58, 58, 48, 48, 43, 43
652, 80, 40, 37, 32, 47, 33, 37, 38, 40, 41, 37, 37, 33, 33
653, 52008, 25892, 13002, 9756, 30488, 6514, 2413, 2614, 2830, 2994, 2413, 2830, 2614, 2994
654, 36, 18, 11, 12, 23, 8, 9, 9, 11, 9, 9, 11, 8, 8
655, 44, 22, 15, 20, 27, 13, 15, 16, 19, 22, 15, 15, 13, 13
656, 32, 16, 12, 16, 20, 12, 12, 14, 14, 16, 12, 12, 12, 12
657, 24, 12, 8, 12, 15, 8, 9, 9, 10, 10, 8, 8, 8, 8
658, 20, 10, 8, 11, 13, 9, 8, 10, 8, 10, 8, 8, 9, 9
659, 44, 22, 17, 19, 28, 18, 18, 19, 26, 27, 17, 17, 18, 18
660, 440, 220, 146, 128, 265, 131, 165, 151, 216, 208, 146, 146, 131, 131
661, 36, 18, 15, 17, 23, 16, 16, 17, 22, 23, 15, 15, 16, 16
662, 48, 24, 20, 22, 28, 19, 20, 21, 22, 23, 20, 20, 19, 19
663, 64, 32, 24, 28, 38, 21, 24, 25, 31, 32, 24, 24, 21, 21
664, 24, 12, 12, 12, 15, 13, 13, 13, 13, 13, 12, 12, 13, 13
665, 28, 14, 12, 14, 17, 13, 13, 14, 16, 17, 12, 12, 13, 13
666, 64, 32, 29, 26, 39, 27, 29, 30, 38, 39, 29, 29, 27, 27
667, 76, 38, 30, 32, 42, 28, 31, 30, 30, 31, 30, 30, 28, 28
668, 28, 14, 13, 14, 15, 14, 13, 14, 16, 17, 13, 13, 14, 14
669, 60, 30, 25, 25, 36, 26, 27, 29, 30, 32, 25, 25, 26, 26
670, 56, 28, 21, 25, 34, 21, 23, 23, 29, 29, 21, 21, 21, 21
671, 56, 28, 18, 23, 35, 15, 15, 17, 19, 20, 15, 18, 15, 15
672, 24, 12, 12, 13, 15, 13, 12, 14, 12, 14, 12, 12, 13, 13
673, 20, 10, 10, 11, 12, 11, 10, 11, 10, 11, 10, 10, 11, 11
674, 1748, 871, 462, 441, 1040, 404, 481, 457, 721, 727, 462, 462, 404, 404
675, 5596, 2788, 1405, 1403, 3345, 968, 1186, 1153, 1407, 1484, 1186, 1405, 968, 968
676, 4800, 2396, 1207, 1204, 2877, 843, 1025, 997, 1269, 1329, 1025, 1207, 843, 843
677, 8068, 4022, 2022, 2021, 4762, 1270, 1453, 1424, 1550, 1651, 1453, 1550, 1270, 1270
678, 10188, 5075, 2549, 2551, 5949, 1537, 1668, 1646, 1722, 1841, 1668, 1722, 1537, 1537
679, 2780, 1385, 709, 699, 1661, 569, 706, 678, 971, 1000, 706, 709, 569, 569
680, 4324, 2153, 1086, 1085, 2587, 791, 982, 943, 1175, 1235, 982, 1086, 791, 791
681, 1824, 908, 480, 460, 1092, 411, 509, 486, 761, 772, 480, 480, 411, 411
682, 2468, 1231, 637, 698, 1481, 494, 612, 577, 774, 789, 612, 637, 494, 494
683, 5124, 2553, 1289, 1285, 3037, 899, 1115, 1086, 1340, 1422, 1115, 1289, 899, 899
684, 136, 68, 54, 47, 82, 49, 58, 54, 66, 64, 54, 54, 49, 49
685, 1600, 797, 428, 454, 970, 349, 431, 411, 596, 604, 428, 428, 349, 349
686, 2184, 1088, 566, 619, 1299, 477, 606, 564, 827, 840, 566, 566, 477, 477
687, 6632, 3299, 1663, 1662, 3946, 1105, 1344, 1302, 1483, 1589, 1344, 1483, 1105, 1105
688, 4964, 2476, 1248, 1245, 2941, 868, 1037, 1008, 1238, 1309, 1037, 1238, 868, 868
689, 3160, 1577, 812, 794, 1880, 603, 749, 715, 923, 956, 749, 812, 603, 603
690, 10656, 5310, 2667, 2668, 6287, 1585, 1740, 1718, 1771, 1894, 1740, 1771, 1585, 1585
691, 232, 116, 85, 84, 142, 78, 96, 89, 117, 111, 85, 85, 78, 78
692, 7012, 3485, 1758, 1976, 4175, 1133, 1325, 1287, 1493, 1586, 1325, 1493, 1133, 1133
693, 8748, 4353, 2191, 2191, 5147, 1374, 1569, 1536, 1684, 1807, 1569, 1684, 1374, 1374
694, 5596, 2782, 1404, 1403, 3330, 959, 1184, 1123, 1313, 1373, 1184, 1313, 959, 959
695, 1724, 859, 456, 489, 1016, 400, 493, 466, 700, 712, 456, 456, 400, 400
696, 4444, 2208, 1122, 1115, 2637, 820, 1013, 947, 1201, 1251, 1013, 1122, 820, 820
697, 756, 378, 218, 240, 450, 200, 243, 230, 377, 377, 218, 218, 200, 200
698, 772, 385, 229, 221, 464, 203, 257, 233, 368, 358, 229, 229, 203, 203
699, 96, 48, 39, 34, 60, 37, 40, 42, 53, 54, 39, 39, 37, 37
700, 192, 96, 73, 64, 113, 61, 73, 68, 92, 89, 73, 73, 61, 61
701, 160, 80, 60, 59, 96, 57, 66, 61, 86, 82, 60, 60, 57, 57
702, 1328, 662, 361, 378, 798, 308, 388, 361, 526, 529, 361, 361, 308, 308
703, 20020, 9971, 5006, 5009, 11772, 2676, 2267, 2314, 2226, 2372, 2267, 2226, 2314, 2372
704, 1344, 670, 372, 424, 813, 285, 365, 328, 449, 443, 365, 372, 285, 285
705, 444, 222, 140, 143, 272, 108, 115, 110, 136, 133, 115, 136, 108, 108
706, 84, 42, 29, 35, 48, 26, 30, 30, 43, 43, 29, 29, 26, 26
707, 48, 24, 20, 22, 29, 19, 20, 20, 25, 27, 20, 20, 19, 19
708, 132, 66, 48, 49, 80, 43, 52, 47, 73, 72, 48, 48, 43, 43
709, 56, 28, 25, 23, 34, 24, 25, 26, 31, 32, 25, 25, 24, 24
710, 32, 16, 14, 16, 19, 14, 14, 14, 20, 21, 14, 14, 14, 14
711, 32, 15, 14, 15, 18, 14, 14, 16, 14, 16, 14, 14, 14, 14
712, 56, 28, 23, 23, 34, 23, 24, 26, 30, 31, 23, 23, 23, 23
713, 6904, 3434, 1733, 1730, 4148, 1119, 1287, 1282, 1455, 1545, 1287, 1455, 1119, 1119
714, 68, 34, 25, 27, 43, 22, 26, 26, 27, 28, 25, 25, 22, 22
715, 24, 12, 12, 13, 13, 12, 12, 12, 12, 12, 12, 12, 12, 12
716, 24, 12, 8, 11, 15, 8, 9, 9, 11, 11, 8, 8, 8, 8
717, 116, 58, 42, 47, 68, 40, 46, 42, 54, 52, 42, 42, 40, 40
718, 668, 332, 207, 192, 393, 191, 236, 220, 350, 336, 207, 207, 191, 191
719, 16608, 8198, 4152, 3119, 9662, 2304, 2082, 2084, 2109, 2248, 2082, 2109, 2084, 2248
720, 37228, 18503, 9308, 8148, 21526, 4745, 2318, 2456, 2613, 2771, 2318, 2613, 2456, 2771
721, 4324, 2153, 1088, 1085, 2551, 822, 1046, 988, 1274, 1355, 1046, 1088, 822, 822
722, 18360, 9142, 4590, 3447, 10733, 2507, 2318, 2351, 2271, 2428, 2318, 2271, 2351, 2428
723, 56, 28, 22, 23, 35, 22, 24, 24, 29, 30, 22, 22, 22, 22
724, 792, 394, 240, 227, 476, 213, 264, 245, 381, 373, 240, 240, 213, 213
725, 23004, 11442, 5751, 4318, 13455, 3034, 2380, 2455, 2452, 2612, 2380, 2452, 2455, 2612
726, 24, 12, 11, 12, 15, 12, 12, 13, 12, 13, 11, 11, 12, 12
727, 220, 110, 81, 80, 131, 70, 89, 77, 109, 102, 81, 81, 70, 70
728, 636, 318, 170, 223, 398, 95, 57, 58, 67, 68, 57, 67, 58, 68
729, 4612, 2296, 1160, 1157, 2760, 827, 961, 929, 1211, 1273, 961, 1160, 827, 827
730, 196, 97, 69, 71, 120, 61, 73, 71, 98, 98, 69, 69, 61, 61
731, 7852, 3911, 1969, 1967, 4594, 1222, 1387, 1365, 1513, 1601, 1387, 1513, 1222, 1222
732, 440, 219, 141, 142, 261, 128, 159, 142, 203, 194, 141, 141, 128, 128
733, 312, 155, 107, 111, 187, 93, 115, 111, 152, 151, 107, 107, 93, 93
734, 432, 214, 144, 153, 261, 116, 155, 134, 198, 185, 144, 144, 116, 116
735, 80, 40, 33, 32, 44, 32, 36, 35, 37, 37, 33, 33, 32, 32
736, 116, 58, 45, 44, 66, 43, 49, 46, 58, 56, 45, 45, 43, 43
737, 72, 36, 27, 29, 43, 25, 28, 30, 36, 37, 27, 27, 25, 25
738, 328, 162, 105, 117, 196, 96, 123, 108, 166, 156, 105, 105, 96, 96
739, 84, 42, 37, 33, 51, 32, 38, 36, 43, 42, 37, 37, 32, 32
740, 2448, 1220, 640, 693, 1474, 504, 640, 595, 790, 810, 640, 640, 504, 504
741, 1920, 959, 501, 484, 1139, 430, 537, 505, 752, 764, 501, 501, 430, 430
742, 10548, 5175, 2638, 2312, 6047, 1592, 1601, 1598, 1743, 1854, 1601, 1743, 1592, 1592
743, 44, 22, 21, 20, 28, 20, 21, 21, 21, 21, 21, 21, 20, 20
744, 140, 69, 48, 52, 86, 46, 52, 52, 70, 70, 48, 48, 46, 46
745, 436, 215, 143, 140, 260, 129, 160, 147, 212, 205, 143, 143, 129, 129
746, 10888, 5346, 2732, 2726, 6261, 1586, 1326, 1323, 1466, 1544, 1326, 1466, 1323, 1544
747, 64, 32, 23, 26, 40, 21, 24, 25, 35, 36, 23, 23, 21, 21
748, 32, 15, 15, 16, 18, 14, 15, 16, 15, 16, 15, 15, 14, 14
749, 24, 12, 8, 12, 15, 8, 8, 10, 10, 12, 8, 8, 8, 8
750, 3176, 1580, 818, 798, 1907, 583, 633, 621, 816, 837, 633, 816, 583, 583
751, 28, 14, 13, 13, 18, 14, 14, 14, 14, 14, 13, 13, 14, 14
752, 48, 24, 22, 22, 29, 21, 22, 23, 25, 26, 22, 22, 21, 21
753, 4316, 2147, 1090, 1083, 2501, 772, 931, 885, 1154, 1209, 931, 1090, 772, 772
754, 40, 20, 16, 18, 25, 17, 18, 19, 21, 22, 16, 16, 17, 17
755, 224, 111, 82, 81, 136, 74, 92, 84, 112, 108, 82, 82, 74, 74
756, 180, 88, 61, 66, 102, 57, 67, 65, 96, 96, 61, 61, 57, 57
757, 192, 96, 73, 70, 113, 66, 80, 74, 91, 87, 73, 73, 66, 66
758, 232, 116, 84, 84, 139, 75, 91, 87, 117, 114, 84, 84, 75, 75
759, 164, 82, 66, 60, 99, 59, 69, 64, 87, 83, 66, 66, 59, 59
760, 96, 47, 38, 37, 58, 36, 39, 40, 49, 50, 38, 38, 36, 36
761, 36, 18, 13, 17, 23, 14, 15, 15, 24, 24, 13, 13, 14, 14
762, 312, 156, 106, 111, 192, 102, 122, 114, 164, 154, 106, 106, 102, 102
763, 56, 28, 22, 25, 34, 22, 23, 24, 32, 33, 22, 22, 22, 22
764, 28, 14, 10, 14, 18, 10, 12, 11, 14, 14, 10, 10, 10, 10
765, 28, 14, 11, 13, 18, 10, 12, 12, 15, 15, 11, 11, 10, 10
766, 28, 14, 14, 14, 16, 14, 14, 15, 14, 15, 14, 14, 14, 14
767, 52, 25, 22, 22, 29, 20, 23, 23, 29, 30, 22, 22, 20, 20
768, 15496, 7724, 3874, 2910, 9082, 2179, 2131, 2136, 2112, 2259, 2131, 2112, 2136, 2179
769, 10296, 5129, 2574, 1935, 6090, 1595, 1839, 1786, 1903, 2037, 1839, 1903, 1595, 1595
770, 144, 72, 56, 58, 88, 50, 58, 57, 85, 84, 56, 56, 50, 50
771, 132, 66, 55, 45, 80, 49, 56, 53, 67, 65, 55, 55, 49, 49
772, 10588, 5268, 2648, 2321, 6148, 1612, 1738, 1687, 1848, 1975, 1738, 1848, 1612, 1612
773, 548, 272, 175, 175, 333, 151, 192, 171, 248, 234, 175, 175, 151, 151
774, 68, 34, 30, 27, 40, 28, 33, 31, 33, 31, 30, 30, 28, 28
775, 4848, 2420, 1225, 1216, 2901, 834, 926, 904, 1144, 1195, 926, 1144, 834, 834
776, 32, 16, 14, 15, 20, 14, 14, 16, 14, 16, 14, 14, 14, 14
777, 40, 20, 16, 19, 25, 17, 18, 19, 24, 25, 16, 16, 17, 17
778, 92, 46, 37, 36, 55, 35, 38, 40, 47, 50, 37, 37, 35, 35
779, 488, 241, 166, 142, 289, 148, 189, 163, 249, 230, 166, 166, 148, 148
780, 240, 120, 88, 87, 147, 79, 95, 92, 124, 121, 88, 88, 79, 79
781, 7412, 3698, 1857, 1626, 4378, 1212, 1353, 1310, 1547, 1640, 1353, 1547, 1212, 1212
782, 420, 208, 134, 148, 253, 126, 153, 150, 229, 222, 134, 134, 126, 126
783, 224, 112, 83, 74, 137, 72, 88, 84, 120, 118, 83, 83, 72, 72
784, 312, 154, 105, 102, 189, 95, 113, 107, 157, 155, 105, 105, 95, 95
785, 96, 48, 40, 37, 58, 37, 42, 40, 60, 59, 40, 40, 37, 37
786, 3252, 1623, 833, 817, 1943, 615, 702, 682, 986, 1022, 702, 833, 615, 615
787, 92, 45, 38, 36, 54, 36, 43, 40, 46, 43, 38, 38, 36, 36
788, 40, 20, 18, 19, 24, 19, 19, 19, 22, 22, 18, 18, 19, 19
789, 160, 80, 62, 54, 96, 53, 66, 62, 80, 78, 62, 62, 53, 53
790, 20, 10, 10, 11, 12, 10, 10, 12, 10, 12, 10, 10, 10, 10
791, 28, 14, 12, 14, 15, 12, 12, 12, 18, 19, 12, 12, 12, 12
792, 128, 64, 54, 48, 74, 48, 57, 53, 67, 63, 54, 54, 48, 48
793, 636, 315, 195, 223, 371, 163, 209, 188, 269, 256, 195, 195, 163, 163
794, 56, 27, 21, 25, 32, 23, 25, 24, 34, 33, 21, 21, 23, 23
795, 20, 10, 9, 11, 12, 10, 9, 11, 9, 11, 9, 9, 10, 10
796, 216, 107, 67, 78, 133, 48, 58, 56, 65, 66, 58, 65, 48, 48
797, 4252, 2118, 1071, 1067, 2543, 775, 927, 890, 1170, 1228, 927, 1071, 775, 775
798, 48, 24, 19, 21, 30, 18, 19, 20, 31, 32, 19, 19, 18, 18
799, 40, 20, 13, 20, 21, 12, 14, 13, 18, 17, 13, 13, 12, 12
800, 52, 26, 18, 23, 29, 18, 19, 20, 22, 24, 18, 18, 18, 18
801, 284, 140, 103, 102, 171, 90, 114, 101, 158, 148, 103, 103, 90, 90
802, 20, 10, 8, 12, 12, 8, 9, 9, 9, 9, 8, 8, 8, 8
803, 508, 248, 149, 163, 289, 111, 144, 131, 191, 191, 144, 149, 111, 111
804, 7936, 3963, 1989, 1741, 4773, 1269, 1339, 1313, 1536, 1631, 1339, 1536, 1269, 1269
805, 64, 31, 17, 26, 32, 14, 16, 15, 15, 16, 16, 15, 14, 14
806, 76, 37, 28, 30, 46, 26, 30, 30, 41, 43, 28, 28, 26, 26
807, 24, 12, 10, 12, 13, 9, 10, 11, 13, 14, 10, 10, 9, 9
808, 10624, 5298, 2659, 2660, 6276, 1556, 1575, 1556, 1665, 1765, 1575, 1665, 1556, 1556
809, 48, 24, 20, 22, 30, 20, 22, 22, 25, 25, 20, 20, 20, 20
810, 20, 10, 9, 11, 13, 10, 9, 10, 9, 10, 9, 9, 10, 10
811, 444, 222, 148, 143, 268, 133, 163, 153, 219, 211, 148, 148, 133, 133
812, 400, 199, 131, 129, 244, 119, 148, 134, 198, 183, 131, 131, 119, 119
813, 16164, 8042, 4041, 3035, 9436, 2261, 2203, 2212, 2204, 2355, 2203, 2204, 2212, 2261
814, 35596, 17695, 8899, 6679, 20594, 4552, 2342, 2465, 2563, 2718, 2342, 2563, 2465, 2718
815, 4040, 2013, 1027, 1014, 2394, 738, 804, 786, 1052, 1085, 804, 1027, 738, 738
816, 768, 381, 225, 220, 454, 201, 255, 228, 348, 337, 225, 225, 201, 201
817, 428, 212, 137, 138, 257, 115, 134, 129, 192, 190, 134, 137, 115, 115
818, 108, 54, 43, 41, 65, 43, 47, 47, 52, 52, 43, 43, 43, 43
819, 504, 250, 161, 162, 295, 146, 176, 168, 242, 240, 161, 161, 146, 146
820, 88, 44, 32, 34, 55, 30, 33, 33, 50, 52, 32, 32, 30, 30
821, 468, 232, 151, 136, 282, 124, 152, 143, 184, 182, 151, 151, 124, 124
822, 276, 137, 98, 90, 161, 90, 104, 96, 133, 127, 98, 98, 90, 90
823, 656, 327, 199, 189, 380, 182, 228, 209, 319, 311, 199, 199, 182, 182
824, 10580, 5266, 2646, 2319, 6218, 1593, 1769, 1725, 1830, 1961, 1769, 1830, 1593, 1593
825, 520, 259, 168, 167, 300, 139, 171, 156, 224, 215, 168, 168, 139, 139
826, 28, 14, 12, 14, 18, 12, 13, 13, 16, 16, 12, 12, 12, 12
827, 704, 351, 213, 202, 399, 181, 228, 210, 292, 285, 213, 213, 181, 181
828, 28268, 14075, 7069, 7071, 16762, 3625, 2362, 2460, 2498, 2658, 2362, 2498, 2460, 2658
829, 12480, 6209, 3121, 2735, 7394, 1815, 1965, 1946, 2032, 2172, 1965, 2032, 1815, 1815
830, 84, 42, 32, 33, 50, 32, 35, 35, 43, 44, 32, 32, 32, 32
831, 180, 90, 62, 66, 99, 57, 67, 65, 100, 98, 62, 62, 57, 57
832, 116, 58, 45, 47, 69, 44, 51, 48, 62, 59, 45, 45, 44, 44
833, 72, 35, 28, 29, 43, 23, 28, 28, 27, 27, 28, 27, 23, 23
834, 196, 98, 79, 65, 118, 72, 86, 78, 100, 95, 79, 79, 72, 72
835, 6236, 3109, 1561, 1563, 3695, 1086, 1344, 1279, 1523, 1621, 1344, 1523, 1086, 1086
836, 28376, 14144, 7094, 5325, 16845, 3680, 2405, 2504, 2538, 2699, 2405, 2538, 2504, 2699
837, 28, 14, 14, 14, 16, 14, 14, 15, 14, 15, 14, 14, 14, 14
838, 576, 287, 174, 184, 352, 138, 181, 162, 220, 215, 174, 174, 138, 138
839, 364, 182, 125, 118, 211, 113, 139, 128, 188, 180, 125, 125, 113, 113
840, 20, 9, 9, 11, 11, 10, 10, 11, 10, 11, 9, 9, 10, 10
841, 40, 20, 15, 20, 21, 15, 17, 16, 22, 22, 15, 15, 15, 15
842, 3176, 1588, 834, 898, 1945, 520, 475, 454, 581, 582, 475, 581, 454, 520
843, 28, 14, 12, 15, 17, 13, 13, 14, 13, 14, 12, 12, 13, 13
844, 60, 30, 25, 25, 37, 24, 26, 26, 32, 32, 25, 25, 24, 24
845, 88, 43, 35, 34, 54, 34, 38, 38, 50, 49, 35, 35, 34, 34
846, 504, 251, 157, 162, 308, 146, 181, 165, 242, 230, 157, 157, 146, 146
847, 20, 10, 9, 10, 13, 9, 10, 10, 13, 13, 9, 9, 9, 9
848, 24, 12, 9, 12, 15, 10, 11, 11, 14, 14, 9, 9, 10, 10
849, 24, 12, 9, 12, 15, 11, 11, 11, 14, 14, 9, 9, 11, 11
850, 5356, 2667, 1342, 1176, 3168, 959, 1201, 1147, 1429, 1513, 1201, 1342, 959, 959
851, 780, 387, 232, 248, 474, 200, 252, 233, 359, 349, 232, 232, 200, 200
852, 200, 100, 79, 67, 119, 68, 85, 76, 116, 109, 79, 79, 68, 68
853, 76, 38, 31, 32, 47, 29, 33, 31, 35, 34, 31, 31, 29, 29
